crit1,crit2,crit3,crit4,crit5,categ
5,61,9,75,42,2
64,92,93,80,30,3
54,96,28,54,81,3
68,53,37,35,50,3
90,5,7,38,94,1
1,53,90,73,50,3
32,48,38,23,17,1
60,84,77,26,42,2
10,38,27,85,88,2
60,32,80,0,56,1
70,86,57,65,10,3
83,36,76,47,6,2
58,81,86,71,65,3
37,46,100,85,59,2
36,63,14,63,59,3
99,55,61,13,70,3
91,6,93,41,48,2
47,5,38,0,45,1
69,32,72,33,99,1
93,76,100,19,63,3
85,41,12,94,47,2
99,87,100,43,16,2
95,57,98,60,64,3
93,34,99,31,64,1
22,33,78,31,30,1
22,72,13,38,67,2
30,95,29,75,41,2
20,12,99,54,62,1
59,53,77,36,17,2
20,23,74,65,42,1
62,2,4,53,76,1
25,33,55,76,22,1
92,94,56,6,83,3
37,100,60,37,38,2
59,9,21,57,54,1
96,56,26,77,75,3
66,52,100,38,0,2
73,17,66,48,36,2
26,27,69,85,16,1
16,91,87,55,78,3
46,29,23,88,6,1
41,54,91,36,82,3
38,8,99,35,52,2
38,38,84,39,19,2
81,16,43,19,64,1
49,48,88,56,13,2
86,41,37,51,9,2
3,54,29,23,68,1
11,68,3,38,42,2
47,38,4,44,43,2
56,56,69,2,38,2
42,73,40,13,2,1
3,82,7,35,52,2
83,6,97,47,45,2
40,5,77,86,62,2
85,80,50,34,83,3
71,65,66,68,60,3
19,48,73,23,40,2
33,94,77,62,22,1
45,50,12,18,24,1
