M,P,L,H,classe
16.5,8.9,4.5,11.1,2
1.3,16.6,12.6,15.2,1
7.1,19.4,17.9,15.6,2
3.9,9.3,0.9,3.1,1
13.7,14.9,19.4,6.5,2
7.4,9.4,3.8,2.6,1
9.5,4.5,13.4,8.7,1
16.7,14,6.2,16.6,2
16.1,7.7,5.8,13.6,2
2.8,4,0.1,15.7,1
13.3,14.1,15.6,9.2,2
11.4,2.8,2.3,13.4,1
9.4,11.3,15.3,12.7,2
11.1,11.2,6.1,0.6,1
8.7,4.3,8.2,17.1,1
4.7,1.2,5.6,5.9,1
13.2,11.1,15.7,13.3,2
8.1,16.3,3.3,0.5,1
1.8,14.4,9.2,3.2,1
10,3,13.9,8.9,1
7.6,6,12.6,7.2,1
1.8,2.4,19.2,18.2,3
14,5.3,19.4,15.6,3
14.3,9,5.4,1.9,1
18.1,9.1,4,6.1,2
11.6,3.5,17.1,15.2,2
14.4,8.6,12.5,11.7,2
13,1.7,8.3,0.8,1
9.9,6.6,2.9,2.1,1
11.8,3.4,18.5,11.6,2
6.9,11.8,0.5,19.2,1
9.6,15.7,1.7,9.7,2
9.8,18.8,11.4,9.5,2
5.3,6.6,10.4,8.8,1
0.4,16.5,17.9,2.8,2
11.1,2.2,13.4,5.6,1
13.2,14.5,15.4,2.2,1
18.3,4.6,0.7,11.1,1
7.4,16.6,16.2,6.3,2
19.1,5.8,10.3,5.1,1
18.7,3.3,0.9,8.7,1
19.8,17.8,15,17.8,3
17.9,10.4,6.3,15.4,2
13.2,7.5,1.9,14.9,2
5.2,18.7,4.8,2.5,1
16.6,3.1,3.6,12,1
17.5,3.9,6.2,15.5,1
19.4,10,2.9,0.3,1
4.6,2.6,13.6,2.4,1
10.1,13.9,11.6,4,2
16.1,14.3,14.8,2.6,2
2.5,18.6,8,6,1
9.8,13.3,19.1,5.7,2
18.5,0.5,11.1,12.7,1
2.1,2.8,8.4,19.3,1
11.9,18.7,16.1,9.3,2
15.7,0.4,2.2,16.6,1
15.9,4.7,10.6,12.1,1
17.4,12.1,8.3,7.5,2
8.5,13,17.3,9.1,2
